{"indices": [[0, 0], [0, 1], [0, 2], [0, 3], [0, 4], [0, 5], [0, 6], [0, 7], [0, 8], [0, 9], [0, 10], [0, 11], [0, 12], [0, 13], [0, 14], [0, 15], [0, 16], [0, 17], [0, 18], [0, 19], [0, 20], [0, 21], [0, 22], [0, 23], [0, 24], [0, 25], [0, 26], [0, 27], [0, 28], [0, 29], [0, 30], [0, 31], [0, 32], [0, 33], [0, 34], [0, 35], [0, 36], [0, 37], [0, 38], [0, 39], [0, 40], [0, 41], [0, 42], [0, 43], [0, 44], [0, 45], [0, 46], [0, 47], [0, 48], [0, 49], [0, 50], [0, 51], [0, 52], [0, 53], [0, 54], [0, 55], [0, 56], [0, 57], [0, 58], [0, 59], [1, 0], [1, 1], [1, 2], [1, 3], [1, 4], [1, 5], [1, 6], [1, 7], [1, 8], [1, 9], [1, 10], [1, 11], [1, 12], [1, 13], [1, 14], [1, 15], [1, 16], [1, 17], [1, 18], [1, 19], [1, 20], [1, 21], [1, 22], [1, 23], [1, 24], [1, 25], [1, 26], [1, 27], [1, 28], [1, 29], [1, 30], [1, 31], [1, 32], [1, 33], [1, 34], [1, 35], [1, 36], [1, 37], [1, 38], [1, 39], [1, 40], [1, 41], [1, 42], [1, 43], [1, 44], [1, 45], [1, 46], [1, 47], [1, 48], [1, 49], [1, 50], [1, 51], [1, 52], [1, 53], [1, 54], [1, 55], [1, 56], [1, 57], [1, 58], [1, 59]], "coords_board": [[0.0, 750.0], [22.435707844767663, 733.8437659401955], [44.871415689535326, 717.6875318803909], [67.307123534303, 701.5312978205862], [89.74283137907065, 685.3750637607817], [112.17853922383829, 669.2188297009772], [134.614247068606, 653.0625956411726], [157.04995491337365, 636.9063615813681], [179.4856627581413, 620.7501275215635], [201.92137060290895, 604.593893461759], [224.35707844767657, 588.4376594019544], [246.79278629244425, 572.2814253421498], [269.228494137212, 556.1251912823452], [291.6642019819796, 539.9689572225407], [314.0999098267473, 523.8127231627361], [336.53561767151496, 507.6564891029315], [358.9713255162826, 491.50025504312697], [381.4070333610503, 475.34402098332237], [403.8427412058179, 459.1877869235179], [426.27844905058566, 443.0315528637132], [448.71415689535314, 426.8753188039088], [471.14986474012085, 410.7190847441042], [493.5855725848885, 394.56285068429963], [499.9283331015889, 409.8392880812753], [499.937332942056, 437.486797996331], [499.9463327825231, 465.1343079111539], [499.95533262299017, 492.78181782597676], [499.9643324634573, 520.4293277410325], [499.9733323039244, 548.0768376558553], [499.9823321443915, 575.7243475706782], [499.99133198485856, 603.3718574855011], [499.17062391720253, 629.4073404683987], [476.67610087945593, 613.3330965112093], [454.18157784170927, 597.2588525540198], [431.6870548039626, 581.1846085968302], [409.192531766216, 565.1103646396407], [386.6980087284694, 549.0361206824513], [364.2034856907227, 532.9618767252616], [341.70896265297597, 516.8876327680721], [319.21443961522937, 500.81338881088266], [296.7199165774829, 484.73914485369323], [274.22539353973605, 468.66490089650364], [251.73087050198956, 452.5906569393143], [229.23634746424273, 436.5164129821246], [206.74182442649624, 420.4421690249352], [184.2473013887494, 404.36792506774555], [164.14003708965336, 387.0651515496429], [164.1344987261067, 359.41764072468504], [164.12896036256004, 331.7701298997272], [164.12342199901335, 304.1226190746529], [164.11788363546668, 276.47510824969504], [164.11234527192002, 248.82759742473718], [164.10680690837336, 221.18008659989573], [164.1012685448267, 193.53257577493787], [164.09573018128, 165.88506494974717], [164.09019181773334, 138.23755412490573], [164.08465345418668, 110.59004329994787], [164.07911509064002, 82.94253247499], [164.07357672709333, 55.29502164979931], [164.06803836354666, 27.647510824957862], [500.0, 750.0], [477.56429215523235, 733.8437659401955], [455.12858431046465, 717.6875318803909], [432.692876465697, 701.5312978205864], [410.25716862092935, 685.3750637607818], [387.8214607761617, 669.2188297009773], [365.385752931394, 653.0625956411726], [342.95004508662635, 636.9063615813681], [320.5143372418587, 620.7501275215635], [298.07862939709105, 604.593893461759], [275.6429215523234, 588.4376594019544], [253.2072137075557, 572.2814253421498], [230.771505862788, 556.1251912823452], [208.33579801802034, 539.9689572225407], [185.9000901732527, 523.8127231627361], [163.464382328485, 507.6564891029315], [141.02867448371734, 491.50025504312697], [118.59296663894963, 475.34402098332237], [96.15725879418204, 459.1877869235179], [73.72155094941428, 443.0315528637132], [51.285843104646744, 426.8753188039088], [28.850135259879096, 410.71908474410424], [6.4144274151113905, 394.56285068429963], [0.07166689841104641, 409.83928808129986], [0.06266705794395906, 437.4867979961879], [0.053667217476871726, 465.13430791107584], [0.04466737700978441, 492.78181782596374], [0.03566753654269707, 520.4293277408517], [0.026667696075609724, 548.0768376557397], [0.017667855608522375, 575.7243475706277], [0.008668015141435031, 603.3718574855158], [0.8293760827973863, 629.4073404683988], [23.323899120543953, 613.3330965112093], [45.81842215829061, 597.2588525540199], [68.31294519603726, 581.1846085968303], [90.80746823378392, 565.1103646396408], [113.30199127153048, 549.0361206824514], [135.79651430927723, 532.9618767252617], [158.29103734702392, 516.8876327680722], [180.78556038477055, 500.81338881088277], [203.28008342251704, 484.73914485369335], [225.77460646026387, 468.6649008965037], [248.26912949801033, 452.59065693931433], [270.76365253575716, 436.51641298212473], [293.25817557350365, 420.4421690249353], [315.7526986112505, 404.36792506774566], [335.8599629103466, 387.0651515496429], [335.8655012738933, 359.41764072468504], [335.87103963743994, 331.77012989996], [335.8765780009866, 304.1226190747693], [335.8821163645333, 276.4751082495786], [335.88765472807995, 248.8275974248536], [335.89319309162664, 221.18008659989573], [335.8987314551733, 193.53257577493787], [335.90426981871997, 165.88506494998], [335.90980818226666, 138.2375541247893], [335.9153465458133, 110.59004330006428], [335.92088490936, 82.94253247487359], [335.9264232729067, 55.295021649915725], [335.9319616364533, 27.647510825190693]],