{"indices": [[0, 0], [0, 1], [0, 2], [0, 3], [0, 4], [0, 5], [0, 6], [0, 7], [0, 8], [0, 9], [0, 10], [0, 11], [0, 12], [0, 13], [0, 14], [0, 15], [0, 16], [0, 17], [0, 18], [0, 19], [0, 20], [0, 21], [0, 22], [0, 23], [0, 24], [0, 25], [0, 26], [0, 27], [0, 28], [0, 29], [0, 30], [0, 31], [0, 32], [0, 33], [0, 34], [0, 35], [0, 36], [0, 37], [0, 38], [0, 39], [0, 40], [0, 41], [0, 42], [0, 43], [0, 44], [0, 45], [0, 46], [0, 47], [0, 48], [0, 49], [0, 50], [0, 51], [0, 52], [0, 53], [0, 54], [0, 55], [0, 56], [0, 57], [0, 58], [0, 59], [1, 0], [1, 1], [1, 2], [1, 3], [1, 4], [1, 5], [1, 6], [1, 7], [1, 8], [1, 9], [1, 10], [1, 11], [1, 12], [1, 13], [1, 14], [1, 15], [1, 16], [1, 17], [1, 18], [1, 19], [1, 20], [1, 21], [1, 22], [1, 23], [1, 24], [1, 25], [1, 26], [1, 27], [1, 28], [1, 29], [1, 30], [1, 31], [1, 32], [1, 33], [1, 34], [1, 35], [1, 36], [1, 37], [1, 38], [1, 39], [1, 40], [1, 41], [1, 42], [1, 43], [1, 44], [1, 45], [1, 46], [1, 47], [1, 48], [1, 49], [1, 50], [1, 51], [1, 52], [1, 53], [1, 54], [1, 55], [1, 56], [1, 57], [1, 58], [1, 59]], "coords_board": [[20.0, 730.0], [40.78775986899922, 714.5965745987921], [61.575519737998434, 699.1931491975841], [82.36327960699766, 683.7897237963763], [103.15103947599687, 668.3862983951683], [123.93879934499608, 652.9828729939604], [144.72655921399533, 637.5794475927524], [165.51431908299455, 622.1760221915445], [186.30207895199374, 606.7725967903366], [207.08983882099295, 591.3691713891287], [227.87759868999217, 575.9657459879207], [248.66535855899136, 560.5623205867129], [269.45311842799066, 545.1588951855049], [290.2408782969899, 529.7554697842969], [311.0286381659891, 514.352044383089], [331.81639803498825, 498.94861898188117], [352.60415790398747, 483.5451935806732], [373.3919177729867, 468.14176817946526], [394.1796776419859, 452.73834277825733], [414.9674375109851, 437.3349173770494], [435.75519737998434, 421.9314919758415], [456.54295724898356, 406.52806657463356], [477.3307171179827, 391.1246411734257], [479.9352871700919, 411.8399310593959], [479.9434720294129, 437.7126272362657], [479.95165688873385, 463.5853234133683], [479.9598417480549, 489.45801959070377], [479.96802660737586, 515.3307157675736], [479.97621146669684, 541.2034119446762], [479.9843963260178, 567.0761081217788], [479.9925811853388, 592.9488042988814], [478.0491186384896, 614.9655220272939], [457.20478627128125, 599.6387388479346], [436.36045390407264, 584.3119556685751], [415.5161215368642, 568.9851724892156], [394.6717891696556, 553.6583893098561], [373.8274568024473, 538.3316061304968], [352.98312443523866, 523.0048229511372], [332.1387920680303, 507.6780397717778], [311.2944597008217, 492.3512565924183], [290.45012733361324, 477.0244734130588], [269.6057949664047, 461.6976902336993], [248.7614625991964, 446.37090705434], [227.9171302319877, 431.0441238749804], [207.07279786477937, 415.71734069562103], [186.22846549757088, 400.39055751626154], [171.00801571326528, 382.21775773970876], [171.00297887660346, 356.3450607582927], [170.99794203994168, 330.472363776993], [170.99290520327986, 304.5996667954605], [170.98786836661805, 278.7269698140444], [170.98283152995626, 252.85427283274475], [170.97779469329444, 226.98157585121226], [170.97275785663263, 201.10887886979617], [170.96772101997084, 175.2361818883801], [170.96268418330902, 149.363484906964], [170.9576473466472, 123.49078792554792], [170.95261050998542, 97.61809094413184], [170.9475736733236, 71.74539396271575], [170.94253683666182, 45.872696981416084], [480.0, 730.0], [459.2122401310008, 714.5965745987921], [438.42448026200157, 699.1931491975841], [417.63672039300235, 683.7897237963762], [396.84896052400313, 668.3862983951683], [376.0612006550039, 652.9828729939604], [355.2734407860047, 637.5794475927524], [334.4856809170054, 622.1760221915445], [313.69792104800626, 606.7725967903366], [292.91016117900705, 591.3691713891287], [272.12240131000783, 575.9657459879207], [251.33464144100864, 560.5623205867129], [230.54688157200934, 545.1588951855049], [209.75912170301012, 529.7554697842969], [188.9713618340109, 514.352044383089], [168.18360196501175, 498.9486189818811], [147.39584209601253, 483.5451935806732], [126.60808222701331, 468.14176817946526], [105.8203223580141, 452.73834277825733], [85.03256248901488, 437.3349173770494], [64.24480262001566, 421.9314919758415], [43.457042751016445, 406.52806657463356], [22.669282882017285, 391.1246411734257], [20.064712829908057, 411.8399310593668], [20.056527970587084, 437.71262723640393], [20.048343111266107, 463.5853234134556], [20.040158251945133, 489.45801959050004], [20.031973392624156, 515.3307157675517], [20.02378853330318, 541.2034119446034], [20.015603673982206, 567.0761081216478], [20.00741881466123, 592.9488042986995], [21.95088136151044, 614.965522027294], [42.79521372871877, 599.6387388479346], [63.63954609592737, 584.3119556685751], [84.48387846313578, 568.9851724892156], [105.32821083034439, 553.6583893098561], [126.17254319755273, 538.3316061304968], [147.01687556476134, 523.0048229511373], [167.86120793196974, 507.67803977177783], [188.70554029917835, 492.3512565924183], [209.54987266638676, 477.0244734130589], [230.39420503359528, 461.6976902336994], [251.2385374008036, 446.37090705434], [272.0828697680123, 431.0441238749804], [292.9272021352206, 415.7173406956211], [313.7715345024291, 400.39055751626165], [328.99198428673475, 382.21775773959234], [328.9970211233965, 356.3450607585255], [329.0020579600583, 330.472363776993], [329.00709479672014, 304.59966679569334], [329.01213163338195, 278.72696981416084], [329.01716847004377, 252.85427283262834], [329.02220530670553, 226.9815758515615], [329.02724214336735, 201.108878870029], [329.03227898002916, 175.2361818884965], [329.037315816691, 149.363484906964], [329.0423526533528, 123.49078792566434], [329.0473894900146, 97.61809094413184], [329.05242632667637, 71.745393963065], [329.0574631633382, 45.8726969815325]],